2026-08-18,24154.9,11.39
2026-08-19,24078.3,11.32
2026-08-20,24231.85,10.76
2026-08-21,24252.0,11.2
2026-08-24,24219.05,11.53
2026-08-25,24334.55,11.08
2026-08-26,24207.75,10.57
2026-08-27,24090.85,11.07
2026-08-28,24175.65,10.68
2026-08-31,24080.4,11.19
2026-09-01,24055.8,11.49
2026-09-02,23914.45,11.59
2026-09-03,23873.45,11.34
2026-09-04,23897.7,10.68
2026-09-07,23779.15,11.16
2026-09-08,23635.1,11.23
2026-09-09,23431.5,11.92
2026-09-10,23477.8,11.8
2026-09-11,23398.1,12.29
2026-09-15,23118.6,13.43
2026-09-16,23217.6,13.17
2026-09-17,23270.6,12.29
2026-09-18,23346.4,11.39
2026-09-21,23414.3,11.25
2026-09-22,23329.0,11.0
2026-09-23,23446.8,10.35
2026-09-24,23063.1,12.69
2026-09-25,23140.5,12.16
2026-09-28,22780.25,13.64
2026-09-29,22688.65,14.04
