date,nifty_spot,vix
2025-08-06,24574.2,11.96
2025-08-07,24596.15,11.69
2025-08-08,24363.3,12.03
2025-08-11,24585.05,12.22
2025-08-12,24487.4,12.23
2025-08-13,24619.35,12.14
2025-08-14,24631.3,12.36
2025-08-18,24876.95,12.34
2025-08-19,24980.65,11.79
2025-08-20,25050.55,11.79
2025-08-21,25083.75,11.37
2025-08-22,24870.1,11.73
2025-08-25,24967.75,11.76
2025-08-26,24712.05,12.19
2025-08-28,24500.9,12.18
2025-08-29,24426.85,11.75
2025-09-01,24625.05,11.29
2025-09-02,24579.6,11.4
2025-09-03,24715.05,10.93
2025-09-04,24734.3,10.85
2025-09-05,24741.0,10.78
2025-09-08,24773.15,10.84
2025-09-09,24868.6,10.69
2025-09-10,24973.1,10.54
2025-09-11,25005.5,10.36
2025-09-12,25114.0,10.12
2025-09-15,25069.2,10.4
2025-09-16,25239.1,10.27
2025-09-17,25330.25,10.25
2025-09-18,25423.6,9.89
2025-09-19,25327.05,9.97
2025-09-22,25202.35,10.56
2025-09-23,25169.5,10.63
2025-09-24,25056.9,10.52
2025-09-25,24890.85,10.78
2025-09-26,24654.7,11.43
2025-09-29,24634.9,11.37
2025-09-30,24611.1,11.07
2025-10-01,24836.3,10.29
2025-10-03,24894.25,10.06
2025-10-06,25077.65,10.19
2025-10-07,25108.3,10.05
2025-10-08,25046.15,10.31
2025-10-09,25181.8,10.12
2025-10-10,25285.35,10.10
2025-10-13,25227.35,11.01
2025-10-14,25145.5,11.16
2025-10-15,25323.55,10.53
2025-10-16,25585.3,10.87
2025-10-17,25709.85,11.63
2025-10-20,25843.15,11.36
2025-10-21,25868.6,11.3
2025-10-23,25891.4,11.73
2025-10-24,25795.15,11.59
2025-10-27,25966.05,11.86
2025-10-28,25936.2,11.95
2025-10-29,26053.9,11.97
2025-10-30,25877.85,12.07
2025-10-31,25722.1,12.15
2025-11-03,25763.35,12.67
2025-11-04,25597.65,12.65
2025-11-06,25509.7,12.41
2025-11-07,25492.3,12.56
2025-11-10,25574.35,12.3
2025-11-11,25694.95,12.49
2025-11-12,25875.8,12.11
2025-11-13,25879.15,12.16
2025-11-14,25910.05,11.94
2025-11-17,26013.45,11.79
2025-11-18,25910.05,12.1
2025-11-19,26052.65,11.97
2025-11-20,26192.15,12.14
2025-11-21,26068.15,13.63
2025-11-24,25959.5,13.24
2025-11-25,25884.8,12.24
2025-11-26,26205.3,11.97
2025-11-27,26215.55,11.79
2025-11-28,26202.95,11.62
2025-12-01,26175.75,11.63
2025-12-02,26032.2,11.23
2025-12-03,25986.0,11.21
2025-12-04,26033.75,10.82
2025-12-05,26186.45,10.32
2025-12-08,25960.55,11.13
2025-12-09,25839.65,10.95
2025-12-10,25758.0,10.91
2025-12-11,25898.55,10.4
2025-12-12,26046.95,10.11
2025-12-15,26027.3,10.25
2025-12-16,25860.1,10.06
2025-12-17,25818.55,9.84
2025-12-18,25815.55,9.71
2025-12-19,25966.4,9.52
2025-12-22,26172.4,9.68
2025-12-23,26177.15,9.38
2025-12-24,26142.1,9.19
2025-12-26,26042.3,9.15
2025-12-29,25942.1,9.72
2025-12-30,25938.85,9.68
2025-12-31,26129.6,9.48
2026-01-01,26146.55,9.19
2026-01-02,26328.55,9.45
2026-01-05,26250.3,10.02
2026-01-06,26178.7,10.02
2026-01-07,26140.75,9.95
2026-01-08,25876.85,10.6
2026-01-09,25683.3,10.93
2026-01-12,25790.25,11.37
2026-01-13,25732.3,11.2
2026-01-14,25665.6,11.32
2026-01-16,25694.35,11.37
2026-01-19,25585.5,11.83
2026-01-20,25232.5,12.73
2026-01-21,25157.5,13.78
2026-01-22,25289.9,13.35
2026-01-23,25048.65,14.19
2026-01-27,25175.4,14.45
2026-01-28,25342.75,13.53
2026-01-29,25418.9,13.37
2026-01-30,25320.65,13.63
2026-02-02,25088.4,13.87
2026-02-03,25727.55,12.9
2026-02-04,25776.0,12.25
2026-02-05,25642.8,12.17
2026-02-06,25693.7,11.94
2026-02-09,25867.3,12.19
2026-02-10,25935.15,11.67
2026-02-11,25953.85,11.55
2026-02-12,25807.2,11.73
2026-02-13,25471.1,13.29
2026-02-16,25682.75,13.33
2026-02-17,25725.4,12.67
2026-02-18,25819.35,12.22
2026-02-19,25454.35,13.46
2026-02-20,25571.25,14.36
2026-02-23,25713.0,14.17
2026-02-24,25424.65,14.15
2026-02-25,25482.5,13.49
2026-02-26,25496.55,13.06
2026-02-27,25178.65,13.7
2026-03-02,24865.7,17.13
2026-03-04,24480.5,21.14
2026-03-05,24765.9,17.86
2026-03-06,24450.45,19.88
2026-03-09,24028.05,23.36
2026-03-10,24261.6,18.91
2026-03-11,23866.85,21.06
2026-03-12,23639.15,21.52
2026-03-13,23151.1,22.65
2026-03-16,23408.8,21.6
2026-03-17,23581.15,19.79
2026-03-18,23777.8,18.72
2026-03-19,23002.15,22.8
2026-03-20,23114.5,22.81
2026-03-23,22512.65,26.73
2026-03-24,22912.4,24.74
2026-03-25,23306.45,24.64
2026-03-27,22819.6,26.8
2026-03-30,22331.4,27.89
2026-04-01,22679.4,25.01
2026-04-02,22713.1,25.52
2026-04-06,22968.25,25.47
2026-04-07,23123.65,24.7
2026-04-08,23997.35,19.7
2026-04-09,23775.1,20.43
2026-04-10,24050.6,18.85
2026-04-13,23842.65,20.5
2026-04-15,24231.3,18.67
2026-04-16,24196.75,18.09
2026-04-17,24353.55,17.21
2026-04-20,24364.85,18.79
2026-04-21,24576.6,17.53
2026-04-22,24378.1,18.3
2026-04-23,24173.05,18.59
2026-04-24,23897.95,19.71
2026-04-27,24092.7,18.38
2026-04-28,23995.7,18.05
2026-04-29,24177.65,17.44
2026-04-30,23997.55,18.46
2026-05-04,24119.3,18.3
2026-05-05,24032.8,17.91
2026-05-06,24330.95,16.68
2026-05-07,24326.65,16.62
2026-05-08,24176.15,16.84
2026-05-11,23815.85,18.55
2026-05-12,23379.55,19.28
2026-05-13,23412.6,19.43
2026-05-14,23689.6,18.61
2026-05-15,23643.5,18.79
2026-05-18,23649.95,19.63
2026-05-19,23618.0,18.68
2026-05-20,23659.0,18.44
2026-05-21,23654.7,17.82
2026-05-22,23719.3,17.91
2026-05-25,24031.7,16.7
2026-05-26,23913.7,16.13
2026-05-27,23907.15,14.98
2026-05-29,23547.75,16.19
2026-06-01,23382.6,16.54
2026-06-02,23483.55,15.36
2026-06-03,23405.6,16.28
2026-06-04,23416.55,15.89
2026-06-05,23366.7,15.79
2026-06-08,23123.0,17.03
2026-06-09,23242.1,15.58
2026-06-10,23214.95,15.63
2026-06-11,23161.6,15.61
2026-06-12,23622.9,14.72
2026-06-15,23853.9,14.35
2026-06-16,23989.15,13.36
2026-06-17,24085.7,13.19
2026-06-18,24168.0,12.67
2026-06-19,24013.1,12.97
2026-06-22,24102.9,12.84
2026-06-23,23824.1,13.94
2026-06-24,24021.65,13.39
2026-06-25,24056.0,13.05
2026-06-29,23946.25,13.61
2026-06-30,23865.75,13.6
2026-07-01,24005.85,13.24
2026-07-02,24175.7,12.29
2026-07-03,24270.85,11.8
2026-07-06,24430.35,11.82
2026-07-07,24398.7,11.65
2026-07-08,23882.05,14.68
2026-07-09,23962.8,13.36
2026-07-10,24206.9,12.25
2026-07-13,24211.0,13.28
2026-07-14,24052.05,13.75
2026-07-15,24078.5,13.27
2026-07-16,24072.75,12.88
2026-07-17,24334.3,13.15
2026-07-20,24238.5,12.98
2026-07-21,24187.7,12.6
2026-07-22,23996.25,13.29
2026-07-23,23869.6,13.48
2026-07-24,23767.45,14.03
2026-07-27,23995.95,12.66
2026-07-28,23985.35,12.56
2026-07-29,24250.2,12.01
2026-07-30,24317.15,12.16
2026-07-31,24383.6,11.76
2026-08-03,24774.3,11.93
2026-08-04,24614.9,12.19
2026-08-05,24624.65,12.06
2026-08-06,24636.0,12.16
2026-08-07,24570.65,12.16
2026-08-10,24583.8,12.25
2026-08-11,24471.7,11.86
2026-08-12,24435.95,11.69
2026-08-13,24395.85,11.42
2026-08-14,24366.0,11.31
2026-08-17,24287.65,11.33
2026-08-18,24154.9,11.39
2026-08-19,24078.3,11.32
2026-08-20,24231.85,10.76
2026-08-21,24252.0,11.2
2026-08-24,24219.05,11.53
2026-08-25,24334.55,11.08
2026-08-26,24207.75,10.57
2026-08-27,24090.85,11.07
2026-08-28,24175.65,10.68
2026-08-31,24080.4,11.19
2026-09-01,24055.8,11.49
2026-09-02,23914.45,11.59
2026-09-03,23873.45,11.34
2026-09-04,23897.7,10.68
2026-09-07,23779.15,11.16
2026-09-08,23635.1,11.23
2026-09-09,23431.5,11.92
2026-09-10,23477.8,11.8
2026-09-11,23398.1,12.29
2026-09-15,23118.6,13.43
2026-09-16,23217.6,13.17
2026-09-17,23270.6,12.29
2026-09-18,23346.4,11.39
2026-09-21,23414.3,11.25
2026-09-22,23329.0,11.0
2026-09-23,23446.8,10.35
2026-09-24,23063.1,12.69
2026-09-25,23140.5,12.16
2026-09-28,22780.25,13.64
2026-09-29,22688.65,14.04
2026-09-30,22620.45,13.49
2026-10-01,22421.95,14.46
2026-10-05,22555.75,14.78
2026-10-06,22776.1,13.61
